CATEGORIA,DESCRIPCION,COD_PROD,ESTADO,OBS
0001,GASTOS ADMINISTRATIVOS                                                                                                                                                              ,SCI10,Activo,
0002,GASTOS ADMINISTRATIVOS (EMBALAJES Y OTROS)                                                                                                                                          ,SCI10,Activo,
0003,SERVICIOS VARIOS                                                                                                                                                                    ,SCI10,Activo,
0005,DELIVERY S/ 7.50                                                                                                                                                                    ,SCI09,Activo,
0007,FLETE                                                                                                                                                                               ,SCI09,Activo,
0008,SERVIVIO POR ETIQUETADO                                                                                                                                                             ,SCI10,Activo,
0010,SERVICIO POR PRODUCCION                                                                                                                                                             ,SCI10,Activo,
0011,SERVCIOS ADMINISTRATIVOS                                                                                                                                                            ,SCI10,Activo,
EQP00002,BALANZA OHAUS - MOD. PX623/E- CAP. 620G                                                                                                                                             ,PDI01,Activo,
MC10000002,PAPEL HIGIÉNICO BLANCO  DE 500 M X 4 UND                                                                                                                                            ,PDI01,Activo,
MC10000003,PAPEL TOALLA BLANCO DE 200M X 2 UND                                                                                                                                                 ,PDI01,Activo,
MC10000004,PAPEL TOALLA BLANCO DE 300M X 4 UND                                                                                                                                                 ,PDI01,Activo,
MC10000007,PAPEL TOALLA NATURAL DE 200 MT X 2 UNID                                                                                                                                             ,PDI01,Activo,
MC10000008,PAPEL TOALLA NATURAL DE 300 MT X 2 UNID                                                                                                                                             ,PDI01,Activo,
MC10000009,PAPEL HIGIENICO BLANCO DE 200 MT X 6 UNID.                                                                                                                                          ,PDI01,Activo,
MC10000010,PAPEL TOALLA BLANCO DE 150 M  X2 UND                                                                                                                                                ,PDI01,Activo,
MC10000012,PAPEL TOALLA NATURAL DE 150M X2 UND                                                                                                                                                 ,PDI01,Activo,
MC10000014,DISPENSADOR DE PAPEL HIGIENICO JUMBO  ABS                                                                                                                                           ,PDI01,Activo,
MC10000015,PAPEL HIGIENICO BLANCO DE 300 MT X 4 UNIDADES                                                                                                                                       ,PDI01,Activo,
MC10000017,DISPENSADOR PALANCA ABS SISTEMA MANUAL 35.2X33.2X23 CM                                                                                                                              ,PDI01,Activo,
MC10000020,DISPENSADOR JABON LIQUIDO PLASTICO ABS 1LT                                                                                                                                          ,PDI01,Activo,
MC10000021,DISPENSADOR DE PAPEL HIGIENICO JUMBO ACERO INOXIDABLE                                                                                                                               ,PDI01,Activo,
MC10000023,PAPEL TOALLA INTERFOLIADO BLANCO 1 PQTE X 200 HOJAS                                                                                                                                 ,PDI01,Activo,
MC10000025,PAPEL SABANILLA 50 CM 1 ROLLO                                                                                                                                                       ,PDI01,Activo,
MC10000027,PAPEL SERVILLETA BLANCO DOBLADA EN 4 X 33 CM 1 PQTE                                                                                                                                 ,PDI01,Activo,
MC10000030,BOLSAS PLASTICA NEGRA 20*30 PQTE X 100 UNIDADES                                                                                                                                     ,PDI01,Activo,
MC10000031,BOLSAS PLASTICA NEGRA 75 LITROS PQTE X 100 UNIDADES                                                                                                                                 ,PDI01,Activo,
MC10000032,BOLSAS PLASTICA NEGRA 140 LITROS PQTE X 100 UNIDADES                                                                                                                                ,PDI01,Activo,
MC10000033,BOLSAS PLASTICA NEGRA 26*40 PQTE X 100 UNIDADES                                                                                                                                     ,PDI01,Activo,
MC10000034,DISPENSADOR DE JABON LIQUIDO CON SENSOR 1LT                                                                                                                                         ,PDI01,Activo,
MC10000035,BOLSAS PLASTICA NEGRA 35 LITROS PQTE X 100 UNIDADES                                                                                                                                 ,PDI01,Activo,
MC10000036,BOLSAS PLASTICA NEGRA 50 LITROS PQTE X 100 UNIDADES                                                                                                                                 ,PDI01,Activo,
MC10000037,BOLSAS PLASTICA NEGRA 180  LITROS PQTE X 100 UNIDADES                                                                                                                               ,PDI01,Activo,
MC10000039,DISPENSADOR DE PAPEL TOALLA INTERFOLIADO PLASTICO ABS                                                                                                                               ,PDI01,Activo,
MC10000041,BOLSAS PLASTICA NEGRA 280 LITROS PQTE X 100 UNIDADES                                                                                                                                ,PDI01,Activo,
MC10000047,PAPEL HIGIENICO BLANCO DE 400 MT X 4 UNIDADES                                                                                                                                       ,PDI01,Activo,
MC10000048,BOLSAS PLASTICA NEGRA 140 LITROS 1.5 MICRAS PQTE X 100 UNIDADES                                                                                                                     ,PDI01,Activo,
MC10000052,PAPEL TOALLA BLANCO X6 - 150 MTS                                                                                                                                                    ,PDI01,Activo,
MC10000053,PAPEL HIGIENICO  BLANCO  X 6 - 350 MTS                                                                                                                                              ,PDI01,Activo,
MEM000000000004,FRASCO PET CRISTAL 1000 ML. JL-1000-47                                                                                                                                              ,VTA01,Activo,
MEM000000000011,GALONERA X 4 LT C/TAPA Y TAPON                                                                                                                                                      ,VTA01,Activo,
MEM000000000042,BIDON PEAD VERDE DE 20 LT CON TAPA Y TAPON COSTO                                                                                                                                    ,VTA01,Activo,
MEM000000000043,PULVERIZADOR BLANCO    BOCA 28                                                                                                                                                      ,VTA01,Activo,
MEM0000000000434,FRASCO SPRAY 500 ML CRISTAL                                                                                                                                                         ,VTA01,Activo,
MP000000000019,AGUA DESIONIZADA                                                                                                                                                                    ,VTA01,Activo,
MP000000000053,SALICEDE PX                                                                                                                                                                         ,VTA01,Activo,
MP00122112221,GALON 3.8 LT (90GR) CON ASA Y TAPA NATURAL                                                                                                                                          ,VTA01,Activo,
MP01245612,CLORURO DE SODIO                                                                                                                                                                    ,VTA01,Activo,
PT0000003,ALCOHOL EN GEL BASIC NATURAL GALONERA X 4L                                                                                                                                          ,PDI01,Activo,
PT0000004,JABON LIQUIDO FRUTAL X 3.8 LT.                                                                                                                                                      ,PDI01,Activo,
PT0000005,JABON LIQUIDO FRUTAL X 400 ML.                                                                                                                                                      ,PDI01,Activo,
PT0000006,JABON LIQUIDO FRUTAL X 1 LT.                                                                                                                                                        ,PDI01,Activo,
PT0000007,JABON LIQUIDO FLORAL X 3.8 LT.                                                                                                                                                      ,PDI01,Activo,
PT0000008,JABON LIQUIDO FLORAL X 400 ML.S                                                                                                                                                     ,PDI01,Activo,
PT0000009,JABON LIQUIDO FLORAL X 1 LT.                                                                                                                                                        ,PDI01,Activo,
PT0000010,JABON LIQUIDO HERBAL X 3.8 LT.                                                                                                                                                      ,PDI01,Activo,
PT0000011,JABON LIQUIDO HERBAL X 400 ML.                                                                                                                                                      ,PDI01,Activo,
PT0000012,JABON LIQUIDO HERBAL X 1 LT.                                                                                                                                                        ,PDI01,Activo,
PT0000013,JABON LIQUIDO MANOS CON CLOROXILENOL X 4 L                                                                                                                                          ,PDI01,Activo,
PT0000014,JABON LIQUIDO PARA MANOS NATURAL X 4 LT.                                                                                                                                            ,PDI01,Activo,
PT0000015,JABON LIQUIDO PARA MANOS LAVANDA X 3.8 LT.                                                                                                                                          ,PDI01,Activo,
PT0000016,JABON LIQUIDO PARA MANOS LAVANDA X 1 LT.                                                                                                                                            ,PDI01,Activo,
PT0000017,JABON LIQUIDO PARA MANOS LIMON FRESH X 3.8 LT.                                                                                                                                      ,PDI01,Activo,
PT0000018,JABON LIQUIDO PARA MANOS LIMON FRESH X 400 ML                                                                                                                                       ,PDI01,Activo,
PT0000019,JABON LIQUIDO PARA MANOS LIMON FRESH X 1 LT.                                                                                                                                        ,PDI01,Activo,
PT0000020,JABON LIQUIDO PARA MANOS MANZANA ROJA X 3.8 LT.                                                                                                                                     ,PDI01,Activo,
PT0000021,JABON LIQUIDO PARA MANOS MANZANA ROJA X 400 ML.                                                                                                                                     ,PDI01,Activo,
PT0000022,JABON LIQUIDO PARA MANOS MANZANA ROJA X 1 LT                                                                                                                                        ,PDI01,Activo,
PT0000023,JABON LIQUIDO PARA MANOS LAVANDA X 400 ML.                                                                                                                                          ,PDI01,Activo,
PT0000024,ALCOHOL EN GEL LITRO                                                                                                                                                                ,PDI02,Activo,
PT0000025,ALCOHOL EN GEL X 400 ML                                                                                                                                                             ,PDI02,Activo,
PT0000026,ALCOHOL 96 EN GALÓN                                                                                                                                                                 ,PDI02,Activo,
PT0000027,ALCOHOL 96 EN LITRO                                                                                                                                                                 ,PDI02,Activo,
PT0000028,JABON LIQUIDO PARA MANOS NATURAL X 4 LT                                                                                                                                             ,PDI01,Activo,
PT0000029,JABON LIQUIDO PARA MANOS NATURAL X LITRO                                                                                                                                            ,PDI01,Activo,
PT0000030,JABON LIQUIDO PARA MANOS NATURAL X 400 ML                                                                                                                                           ,PDI01,Activo,
PT0000031,SILICONA MULTIUSOS X GALÓN                                                                                                                                                          ,PDI01,Activo,
PT0000032,SILICONA MULTIUSOS X 500 ML                                                                                                                                                         ,PDI01,Activo,
PT0000033,SILICONA MULTIUSOS X 250 ML                                                                                                                                                         ,PDI01,Activo,
PT0000034,DESINFECTANTE PERFUMADO UTIL LIMON X 1 GALÓN                                                                                                                                        ,PDI03,Activo,
PT0000035,DESINFECTANTE PERFUMADO UTIL LIMON X 900 ML                                                                                                                                         ,PDI03,Activo,
PT0000036,DESINFECTANTE PERFUMADO UTIL  LAVANDA X 1 GALÓN                                                                                                                                     ,PDI03,Activo,
PT0000037,DESINFECTANTE PERFUMADO UTIL LAVANDA  X 900 ML                                                                                                                                      ,PDI03,Activo,
PT0000038,DESINFECTANTE PERFUMADO UTIL  MANZANA CANELA X 1 GALÓN                                                                                                                              ,PDI03,Activo,
PT0000039,DESINFECTANTE PERFUMADO UTIL MANZANA CANELA X 900 ML                                                                                                                                ,PDI03,Activo,
PT0000041,ALCOHOL ISOPROPILICO  X GALÓN                                                                                                                                                       ,PDI01,Activo,
PT0000042,ALCOHOL ISOPROPILICO X 500 ML                                                                                                                                                       ,PDI01,Activo,
PT0000043,DESINFECTANTE LIMPIA VIDRIOS UTIL X 1 GALÓN                                                                                                                                         ,PDI03,Activo,
PT0000044,DESINFECTANTE LIMPIA VIDRIOS UTIL X 500 ML                                                                                                                                          ,PDI03,Activo,
PT0000049,LEJÍA TRADICIONAL ÚTIL X 4 LITROS                                                                                                                                                   ,PDI01,Activo,
PT0000050,AROMATIZADOR X 500 ML                                                                                                                                                               ,PDI01,Activo,
PT0000052,DESINFECTANTE PERFUMADO LAVANDA X 20 LITROS                                                                                                                                         ,PDI03,Activo,
PT0000053,DESINFECTANTE PERFUMADO MANZANA ROJA X 20 LITROS                                                                                                                                    ,PDI03,Activo,
PT0000054,DESINFECTANTE PERFUMADO LIMÓN X 20 LITROS                                                                                                                                           ,PDI03,Activo,
PT0000055,LEJIA CONCENTRADA AL 7.5% X 4 LITROS                                                                                                                                                ,PDI01,Activo,
PT0000057,LEJIA CONCENTRADA AL 7.5% X 20 LITROS                                                                                                                                               ,PDI01,Activo,
PT0000058,LEJIA  TRADICIONAL UTIL X 20 LITROS                                                                                                                                                 ,PDI01,Activo,
PT0000060,DESINFECTANTE PERFUMADO COCO TROPICAL X 900 ML                                                                                                                                      ,PDI03,Activo,
PT0000061,DESINFECTANTE PERFUMADO COCO TROPICAL X 1 GALON                                                                                                                                     ,PDI03,Activo,
PT0000062,DESINFECTANTE PERFUMADO COCO TROPICAL X 20 LITROS                                                                                                                                   ,PDI03,Activo,
PT0000063,LIMPIAVAJILLAS UTIL X 20 LITROS                                                                                                                                                     ,PDI01,Activo,
PT0000064,LIMPIAVAJILLAS UTIL X 3.8 LITROS                                                                                                                                                    ,PDI01,Activo,
PT0000066,LIMPIAVAJILLAS UTIL X 980 ML                                                                                                                                                        ,PDI01,Activo,
PT0000068,AROMATIZADOR  X GALÓN                                                                                                                                                               ,PDI01,Activo,
PT0000070,DESINFECTANTE ANTIHONGOS UTIL X 500 ML                                                                                                                                              ,PDI03,Activo,
PT0000078,JABON LIQUIDO FRUTAL X 20 LT.                                                                                                                                                       ,PDI01,Activo,
PT0000083,SILICONA MULTIUSOS X 20 LITROS                                                                                                                                                      ,PDI01,Activo,
PT0000086,DESINFECTANTE PERFUMADO UTIL BLUE OCEAN X 20 LITROS                                                                                                                                 ,PDI03,Activo,
PT0000090,AROMATIZADOR TEXTIL X 500 ML                                                                                                                                                        ,PDI01,Activo,
PT0000092,BOLSAS PLASTICA COLOR 75 LITROS PQTE X 100 UNIDADES                                                                                                                                 ,PDI01,Activo,
SUM017,PAPEL TOALLA JUMBO BLANCO PISAC 6 ROLLOS                                                                                                                                            ,PDI01,Activo,
MC10000061,,PDI01,Activo,
PT0000059,DESINFECTANTE LIMPIA VIDRIOS UTIL X 20 LITROS                                                                                                                                       ,PDI03,Activo,
PT0000085,DESINFECTANTE PERFUMADO UTIL BLUE OCEAN X 3.8 LITROS                                                                                                                                ,PDI03,Activo,
I000000005,LOCION DESINFECTANTE DE SUPERFICIES - 500 ML                                                                                                                                        ,PDI01,Activo,
I000000006,LOCION DESINFECTANTE DE SUPERFICIES - GALON                                                                                                                                         ,PDI01,Activo,
I000000010,DESINFECTANTE PERFUMADO PARA PISO X 20 LT                                                                                                                                           ,PDI03,Activo,
